"ISO Alpha-2","ISO Alpha-3","Country","Currency Code","Currency Name","Symbol"
AF,AFG,Afganistán,AFN,Afghan afghani,؋
AL,ALB,Albania,ALL,Albanian lek,L
DZ,DZA,Argelia,DZD,Algerian dinar,د.ج
AD,AND,Andorra,EUR,Euro,€
AO,AGO,Angola,AOA,Angolan kwanza,Kz
AG,ATG,Antigua y Barbuda,XCD,Eastern Caribbean dollar,$
AR,ARG,Argentina,ARS,Argentine peso,$
AM,ARM,Armenia,AMD,Armenian dram,֏
AU,AUS,Australia,AUD,Australian dollar,$
AT,AUT,Austria,EUR,Euro,€
AZ,AZE,Azerbaiyán,AZN,Azerbaijani manat,₼
BS,BHS,Bahamas,BSD,Bahamian dollar,$
BH,BHR,Bahréin,BHD,Bahraini dinar,.د.ب
BD,BGD,Bangladés,BDT,Bangladeshi taka,৳
BB,BRB,Barbados,BBD,Barbadian dollar,$
BY,BLR,Bielorrusia,BYN,Belarusian ruble,Br
BE,BEL,Bélgica,EUR,Euro,€
BZ,BLZ,Belice,BZD,Belize dollar,$
BJ,BEN,Benín,XOF,West African CFA franc,Fr
BT,BTN,Bután,BTN,Bhutanese ngultrum,Nu.
BO,BOL,Bolivia,BOB,Bolivian boliviano,Bs.
BA,BIH,Bosnia y Herzegovina,BAM,Bosnia and Herzegovina convertible mark,KM
BW,BWA,Botsuana,BWP,Botswana pula,P
BR,BRA,Brasil,BRL,Brazilian real,R$
BN,BRN,Brunéi,BND,Brunei dollar,$
BG,BGR,Bulgaria,BGN,Bulgarian lev,лв
BF,BFA,Burkina Faso,XOF,West African CFA franc,Fr
BI,BDI,Burundi,BIF,Burundian franc,Fr
KH,KHM,Camboya,KHR,Cambodian riel,៛
CM,CMR,Camerún,XAF,Central African CFA franc,Fr
CA,CAN,Canadá,CAD,Canadian dollar,$
CV,CPV,Cabo Verde,CVE,Cape Verdean escudo,Esc
CF,CAF,República Centroafricana,XAF,Central African CFA franc,Fr
TD,TCD,Chad,XAF,Central African CFA franc,Fr
CL,CHL,Chile,CLP,Chilean peso,$
CN,CHN,China,CNY,Chinese yuan,¥
CO,COL,Colombia,COP,Colombian peso,$
KM,COM,Comoras,KMF,Comorian franc,Fr
CR,CRI,Costa Rica,CRC,Costa Rican colón,₡
HR,HRV,Croacia,EUR,Euro,€
CU,CUB,Cuba,CUC,Cuban convertible peso,$
CY,CYP,Chipre,EUR,Euro,€
CZ,CZE,Chequia,CZK,Czech koruna,Kč
DK,DNK,Dinamarca,DKK,Danish krone,kr
DJ,DJI,Yibuti,DJF,Djiboutian franc,Fr
DM,DMA,Dominica,XCD,Eastern Caribbean dollar,$
DO,DOM,República Dominicana,DOP,Dominican peso,$
CD,COD,República Democrática del Congo,CDF,Congolese franc,FC
EC,ECU,Ecuador,USD,United States dollar,$
EG,EGY,Egipto,EGP,Egyptian pound,£
SV,SLV,El Salvador,USD,United States dollar,$
GQ,GNQ,Guinea Ecuatorial,XAF,Central African CFA franc,Fr
ER,ERI,Eritrea,ERN,Eritrean nakfa,Nfk
EE,EST,Estonia,EUR,Euro,€
SZ,SWZ,Esuatini,SZL,Swazi lilangeni,L
ET,ETH,Etiopía,ETB,Ethiopian birr,Br
FJ,FJI,Fiyi,FJD,Fijian dollar,$
FI,FIN,Finlandia,EUR,Euro,€
FR,FRA,Francia,EUR,Euro,€
GA,GAB,Gabón,XAF,Central African CFA franc,Fr
GM,GMB,Gambia,GMD,dalasi,D
GE,GEO,Georgia,GEL,lari,₾
DE,DEU,Alemania,EUR,Euro,€
GH,GHA,Ghana,GHS,Ghanaian cedi,₵
GR,GRC,Grecia,EUR,Euro,€
GD,GRD,Granada,XCD,Eastern Caribbean dollar,$
GT,GTM,Guatemala,GTQ,Guatemalan quetzal,Q
GN,GIN,Guinea,GNF,Guinean franc,Fr
GW,GNB,Guinea-Bisáu,XOF,West African CFA franc,Fr
GY,GUY,Guyana,GYD,Guyanese dollar,$
HT,HTI,Haití,HTG,Haitian gourde,G
HN,HND,Honduras,HNL,Honduran lempira,L
HU,HUN,Hungría,HUF,Hungarian forint,Ft
IS,ISL,Islandia,ISK,Icelandic króna,kr
IN,IND,India,INR,Indian rupee,₹
ID,IDN,Indonesia,IDR,Indonesian rupiah,Rp
IR,IRN,Irán,IRR,Iranian rial,﷼
IQ,IRQ,Irak,IQD,Iraqi dinar,ع.د
IE,IRL,Irlanda,EUR,Euro,€
IL,ISR,Israel,ILS,Israeli new shekel,₪
IT,ITA,Italia,EUR,Euro,€
CI,CIV,Costa de Marfil,XOF,West African CFA franc,Fr
JM,JAM,Jamaica,JMD,Jamaican dollar,$
JP,JPN,Japón,JPY,Japanese yen,¥
JO,JOR,Jordania,JOD,Jordanian dinar,د.ا
KZ,KAZ,Kazajistán,KZT,Kazakhstani tenge,₸
KE,KEN,Kenia,KES,Kenyan shilling,Sh
KI,KIR,Kiribati,AUD,Australian dollar,$
XK,UNK,Kosovo,EUR,Euro,€
KW,KWT,Kuwait,KWD,Kuwaiti dinar,د.ك
KG,KGZ,Kirguistán,KGS,Kyrgyzstani som,с
LA,LAO,Laos,LAK,Lao kip,₭
LV,LVA,Letonia,EUR,Euro,€
LB,LBN,Líbano,LBP,Lebanese pound,ل.ل
LS,LSO,Lesoto,LSL,Lesotho loti,L
LR,LBR,Liberia,LRD,Liberian dollar,$
LY,LBY,Libia,LYD,Libyan dinar,ل.د
LI,LIE,Liechtenstein,CHF,Swiss franc,Fr
LT,LTU,Lituania,EUR,Euro,€
LU,LUX,Luxemburgo,EUR,Euro,€
MG,MDG,Madagascar,MGA,Malagasy ariary,Ar
MW,MWI,Malaui,MWK,Malawian kwacha,MK
MY,MYS,Malasia,MYR,Malaysian ringgit,RM
MV,MDV,Maldivas,MVR,Maldivian rufiyaa,.ރ
ML,MLI,Mali,XOF,West African CFA franc,Fr
MT,MLT,Malta,EUR,Euro,€
MH,MHL,Islas Marshall,USD,United States dollar,$
MR,MRT,Mauritania,MRU,Mauritanian ouguiya,UM
MU,MUS,Mauricio,MUR,Mauritian rupee,₨
MX,MEX,México,MXN,Mexican peso,$
FM,FSM,Micronesia,USD,United States dollar,$
MD,MDA,Moldavia,MDL,Moldovan leu,L
MC,MCO,Mónaco,EUR,Euro,€
MN,MNG,Mongolia,MNT,Mongolian tögrög,₮
ME,MNE,Montenegro,EUR,Euro,€
MA,MAR,Marruecos,MAD,Moroccan dirham,د.م.
MZ,MOZ,Mozambique,MZN,Mozambican metical,MT
MM,MMR,Myanmar,MMK,Burmese kyat,Ks
NA,NAM,Namibia,NAD,Namibian dollar,$
NR,NRU,Nauru,AUD,Australian dollar,$
NP,NPL,Nepal,NPR,Nepalese rupee,₨
NL,NLD,Países Bajos,EUR,Euro,€
NZ,NZL,Nueva Zelanda,NZD,New Zealand dollar,$
NI,NIC,Nicaragua,NIO,Nicaraguan córdoba,C$
NE,NER,Níger,XOF,West African CFA franc,Fr
NG,NGA,Nigeria,NGN,Nigerian naira,₦
KP,PRK,Corea del Norte,KPW,North Korean won,₩
MK,MKD,Macedonia del Norte,MKD,denar,den
NO,NOR,Noruega,NOK,Norwegian krone,kr
OM,OMN,Omán,OMR,Omani rial,ر.ع.
PK,PAK,Pakistán,PKR,Pakistani rupee,₨
PW,PLW,Palaos,USD,United States dollar,$
PA,PAN,Panamá,PAB,Panamanian balboa,B/.
PG,PNG,Papúa Nueva Guinea,PGK,Papua New Guinean kina,K
PY,PRY,Paraguay,PYG,Paraguayan guaraní,₲
PE,PER,Perú,PEN,Peruvian sol,S/ 
PH,PHL,Filipinas,PHP,Philippine peso,₱
PL,POL,Polonia,PLN,Polish złoty,zł
PT,PRT,Portugal,EUR,Euro,€
QA,QAT,Catar,QAR,Qatari riyal,ر.ق
CG,COG,República del Congo,XAF,Central African CFA franc,Fr
RO,ROU,Rumanía,RON,Romanian leu,lei
RU,RUS,Rusia,RUB,Russian ruble,₽
RW,RWA,Ruanda,RWF,Rwandan franc,Fr
KN,KNA,San Cristóbal y Nieves,XCD,Eastern Caribbean dollar,$
LC,LCA,Santa Lucía,XCD,Eastern Caribbean dollar,$
VC,VCT,San Vicente y las Granadinas,XCD,Eastern Caribbean dollar,$
WS,WSM,Samoa,WST,Samoan tālā,T
SM,SMR,San Marino,EUR,Euro,€
ST,STP,Santo Tomé y Príncipe,STN,São Tomé and Príncipe dobra,Db
SA,SAU,Arabia Saudita,SAR,Saudi riyal,ر.س
SN,SEN,Senegal,XOF,West African CFA franc,Fr
RS,SRB,Serbia,RSD,Serbian dinar,дин.
SC,SYC,Seychelles,SCR,Seychellois rupee,₨
SL,SLE,Sierra Leona,SLE,Leone,Le
SG,SGP,Singapur,SGD,Singapore dollar,$
SK,SVK,Eslovaquia,EUR,Euro,€
SI,SVN,Eslovenia,EUR,Euro,€
SB,SLB,Islas Salomón,SBD,Solomon Islands dollar,$
SO,SOM,Somalia,SOS,Somali shilling,Sh
ZA,ZAF,Sudáfrica,ZAR,South African rand,R
KR,KOR,Corea del Sur,KRW,South Korean won,₩
SS,SSD,Sudán del Sur,SSP,South Sudanese pound,£
ES,ESP,España,EUR,Euro,€
LK,LKA,Sri Lanka,LKR,Sri Lankan rupee,Rs  රු
SD,SDN,Sudán,SDG,Sudanese pound,ج.س
SR,SUR,Surinam,SRD,Surinamese dollar,$
SE,SWE,Suecia,SEK,Swedish krona,kr
CH,CHE,Suiza,CHF,Swiss franc,Fr.
SY,SYR,Siria,SYP,Syrian pound,£
TJ,TJK,Tayikistán,TJS,Tajikistani somoni,ЅМ
TZ,TZA,Tanzania,TZS,Tanzanian shilling,Sh
TH,THA,Tailandia,THB,Thai baht,฿
TL,TLS,Timor Oriental,USD,United States dollar,$
TG,TGO,Togo,XOF,West African CFA franc,Fr
TO,TON,Tonga,TOP,Tongan paʻanga,T$
TT,TTO,Trinidad y Tobago,TTD,Trinidad and Tobago dollar,$
TN,TUN,Túnez,TND,Tunisian dinar,د.ت
TR,TUR,Turquía,TRY,Turkish lira,₺
TM,TKM,Turkmenistán,TMT,Turkmenistan manat,m
TV,TUV,Tuvalu,AUD,Australian dollar,$
UG,UGA,Uganda,UGX,Ugandan shilling,Sh
UA,UKR,Ucrania,UAH,Ukrainian hryvnia,₴
AE,ARE,Emiratos Árabes Unidos,AED,United Arab Emirates dirham,د.إ
GB,GBR,Reino Unido,GBP,British pound,£
US,USA,Estados Unidos,USD,United States dollar,$
UY,URY,Uruguay,UYU,Uruguayan peso,$
UZ,UZB,Uzbekistán,UZS,Uzbekistani soʻm,so'm
VU,VUT,Vanuatu,VUV,Vanuatu vatu,Vt
VA,VAT,Ciudad del Vaticano,EUR,Euro,€
VE,VEN,Venezuela,VES,Venezuelan bolívar soberano,Bs.S.
VN,VNM,Vietnam,VND,Vietnamese đồng,₫
YE,YEM,Yemen,YER,Yemeni rial,﷼
ZM,ZMB,Zambia,ZMW,Zambian kwacha,ZK
ZW,ZWE,Zimbabue,ZWL,Zimbabwean dollar,$